
delete from Customers;
insert into Customers (id, name, default_document_creds) values
    (1, 'Василий Пупкин', 'Паспорт 1234 444555 выдан 12.12.2012'), 
    (2, 'Раиса Иванова', 'Паспорт 2345 333555 выдан 17.11.2010'), 
    (3, 'Татьяна Иванова', 'Паспорт 2345 334555 выдан 18.11.2010'),
    (4, 'John Smith', 'Driver License XY 121212 issued by 11.06.2003'),
    (5, 'Михаил Смирнов', 'Справка об освобождении N 78132 выдана 18.09.2015')
    ,(6, 'Федор Конюхов', 'Паспорт 1111 101010 выдан 18.11.2009')
    ;


delete from Stations;
insert into Stations (id, name) values
    (1, 'Санкт-Петербург'),
    (2, 'Москва'),
    (3, 'Таганрог'),
    (4, 'Владивосток'),
    (5, 'Сортировочная'),
    (6, 'Хабаровск'),
    (7, 'Челябинск'),
    (8, 'Краснодар'),
    (9, 'Липецк'),
    (10, 'Кострома'),
    (11, 'Абакан'),
    (12, 'Иркутск'),
    (13, 'Магадан'),
    (14, 'Курган'),
    (15, 'Майкоп'),
    (16, 'Сочи'),
    (17, 'Сыктывкар'),
    (18, 'Нижний Новгород'),
    (19, 'Пермь'),
    (20, 'Самара'),
    (21, 'Саратов'),
    (22, 'Казань'),
    (23, 'Тверь'),
    (24, 'Бологое'),
    (25, 'Владимир')
    ,(26, 'Вышний Волочок')
    ,(27, 'Псков')
    ,(28, 'Луга')
    ,(29, 'Гатчина')
    ,(30, 'Выра')
    ,(31, 'Толмачево')
    ,(32, 'Ульяновск')
    ,(33, 'Чита')
    ,(34, 'Ерофей Павлович')
    ,(35, 'Канск')
    ,(36, 'Красноярск')
    ,(37, 'Кемерово')
    ,(38, 'Новосибирск')
    ,(39, 'Омск')
    ,(40, 'Тюмень')
    ,(41, 'Екатеринбург')
    ;


delete from CoachTypes;
insert into CoachTypes (id, name, base_price, seats) values
    (1, 'Электричка', 100, 180),
    (2, 'Плацкарт', 1000, 52),
    (3, 'Купе', 2000, 36),
    (4, 'СВ', 4000, 18),
    (5, 'Сидячий', 500, 72);


delete from Routes;
insert into Routes (id, name, departure_station, status, active_since, active_until) values
    (1, 'Санкт-Петербург - Москва', getStation('Санкт-Петербург'), 'Active', '2015-01-01 00:00:00', '2020-12-31 23:59:59'),
    (2, 'Москва - Санкт-Петербург', getStation('Москва'), 'Active', '2015-01-01 00:00:00', '2020-12-31 23:59:59'),
    (3, 'Москва - Владивосток', getStation('Москва'), 'Active', '2015-01-01 00:00:00', '2020-12-31 23:59:59'),
    (4, 'Владивосток - Москва', getStation('Владивосток'), 'Active', '2015-01-01 00:00:00', '2020-12-31 23:59:59'),
    (5, 'Москва - Казань', getStation('Москва'), 'Active', '2015-01-01 00:00:00', '2020-12-31 23:59:59')
    ,(6, 'Казань - Москва', getStation('Казань'), 'Active', '2015-01-01 00:00:00', '2020-12-31 23:59:59')
    ,(7, 'Москва - Саратов', getStation('Москва'), 'Archived', '2012-01-01 00:00:00', '2013-12-31 23:59:59')
    ,(8, 'Саратов - Москва', getStation('Саратов'), 'Archived', '2012-01-01 00:00:00', '2013-12-31 23:59:59')
    ,(9, 'Санкт-Петербург - Псков', getStation('Санкт-Петербург'), 'Active', '2015-01-01 00:00:00', '2020-12-31 23:59:59')
    ,(10, 'Псков - Санкт-Петербург', getStation('Псков'), 'Active', '2015-01-01 00:00:00', '2020-12-31 23:59:59')
    ;


delete from Trains;
insert into Trains(id, price_score) values
    (1, 100)
    ,(2, 100)
    ,(3, 110)
    ,(4, 120)
    ,(5, 100)
    ,(6, 100)
    ,(7, 100)
    ,(8, 100)
    ,(9, 100)
    ,(10, 100)
    ,(11, 130)
    ,(12, 100)
    ,(13, 100)
    ,(14, 100)
    ;


delete from Coaches;
insert into Coaches (id, type) values
    (1, 1), (2, 1), (3, 1), (4, 1), (5, 1), (6, 1), (7, 1), (8, 1), (9, 1), (10, 1), 
    (11, 2), (12, 2), (13, 2), (14, 2), (15, 2), (16, 2), (17, 2), (18, 2), (19, 2), (20, 2), 
    (21, 3), (22, 3), (23, 3), (24, 3), (25, 3), (26, 3), (27, 3), (28, 3), (29, 3), (30, 3), 
    (31, 4), (32, 4), (33, 4), (34, 4), (35, 4), (36, 4), (37, 4), (38, 4), (39, 4), (40, 4), 
    (41, 5), (42, 5), (43, 5), (44, 5), (45, 5), (46, 5), (47, 5), (48, 5), (49, 5), (50, 5);


delete from TrainCoaches;
insert into TrainCoaches (id, train_id, coach_id, coach_pos) values
    (1, 1, 1, 1), (2, 1, 2, 2), (3, 1, 3, 3), (4, 1, 4, 4), (5, 1, 5, 5),  -- электричка
    (6, 2, 11, 1), (7, 2, 12, 2), (8, 2, 13, 3), (9, 2, 14, 4), (10, 2, 15, 5),  -- только плацкарт
    (11, 3, 16, 1), (12, 3, 17, 2), (13, 3, 21, 3), (14, 3, 22, 4), (15, 3, 33, 5), (16, 3, 41, 6),  -- 2 плацкарт, 2 купе, 1 СВ, 1 сидячий
    (17, 4, 23, 1), (18, 4, 24, 2), (19, 4, 25, 3), (20, 4, 26, 4), (21, 4, 32, 5) -- 4 купе, 1 СВ
    ;


delete from ScheduledTrains;
insert into ScheduledTrains (id, route_id, train_id, departure_time) values
    (1, 9, 1, '2015-10-01 14:20:00') ,(2, 10, 1, '2015-10-02 08:10:00')  -- Спб-Псков и обратно
    ,(3, 9, 1, '2015-10-03 14:20:00') ,(4, 10, 1, '2015-10-04 08:10:00')  -- Спб-Псков и обратно
    ,(5, 3, 3, '2015-10-01 16:20:00') ,(6, 4, 3, '2015-10-20 10:15:05')  -- Москва-Владивосток и обратно
    ,(7, 5, 2, '2015-10-01 11:44:00') ,(8, 6, 2, '2015-10-03 18:25:15')  -- Москва-Казань и обратно
    ,(9, 7, 2, '2013-10-01 11:44:00') ,(10, 8, 2, '2013-10-03 18:25:15')  -- Москва-Саратов и обратно (Archived Route)
    ,(11, 5, 2, '2015-10-05 11:44:00') ,(12, 6, 2, '2015-10-07 18:25:15')  -- Москва-Казань и обратно
    ,(13, 3, 3, '2015-11-15 16:20:00') ,(14, 4, 3, '2015-12-05 10:15:05')  -- Москва-Владивосток и обратно
    ;


delete from RouteItems;
insert into RouteItems (id, route_id, station_id, route_position, price_score, stop_time, travel_time) values
    -- СПб-Псков:
    (1, 9, getStation('Санкт-Петербург'), 0, 0, 0, 0)
    ,(2, 9, getStation('Гатчина'), 1, 300, 2, 20)
    ,(3, 9, getStation('Выра'), 2, 50, 2, 10)
    ,(4, 9, getStation('Толмачево'), 3, 200, 2, 60)
    ,(5, 9, getStation('Луга'), 4, 50, 2, 10)
    ,(6, 9, getStation('Псков'), 5, 300, 15, 150)

    -- Псков-СПб
    ,(7, 10, getStation('Псков'), 0, 0, 0, 0)
    ,(8, 10, getStation('Луга'), 1, 300, 2, 150)
    ,(9, 10, getStation('Толмачево'), 2, 50, 2, 10)
    ,(10, 10, getStation('Выра'), 3, 200, 2, 60)
    ,(11, 10, getStation('Гатчина'), 4, 50, 2, 10)
    ,(12, 10, getStation('Санкт-Петербург'), 5, 300, 2, 20)

    -- Отмененный маршрут Москва-Саратов
    ,(13, 7, getStation('Москва'), 0, 0, 0, 0)
    ,(14, 7, getStation('Владимир'), 1, 1500, 20, 180)
    ,(15, 7, getStation('Нижний Новгород'), 2, 1850, 60, 240)
    ,(16, 7, getStation('Казань'), 3, 1543, 45, 300)
    ,(17, 7, getStation('Ульяновск'), 4, 682, 35, 130)
    ,(18, 7, getStation('Самара'), 5, 514, 15, 120)
    ,(19, 7, getStation('Саратов'), 6, 312, 15, 315)

    -- Владивосток-Москва
    ,(20, 4, getStation('Владивосток'), 0, 0, 0, 0)
    ,(21, 4, getStation('Хабаровск'), 1, 2500, 85, 720)
    ,(22, 4, getStation('Ерофей Павлович'), 2, 4520, 25, 1560)
    ,(23, 4, getStation('Чита'), 3, 4140, 125, 1260)
    ,(24, 4, getStation('Иркутск'), 4, 3750, 900, 1080)
    ,(25, 4, getStation('Канск'), 5, 3020, 5, 840)
    ,(26, 4, getStation('Красноярск'), 6, 1310, 65, 240)
    ,(27, 4, getStation('Кемерово'), 7, 3250, 70, 975)
    ,(28, 4, getStation('Новосибирск'), 8, 1560, 600, 300)
    ,(29, 4, getStation('Омск'), 9, 2720, 45, 510)
    ,(30, 4, getStation('Тюмень'), 10, 2550, 85, 480)
    ,(31, 4, getStation('Екатеринбург'), 11, 2420, 135, 450)
    ,(32, 4, getStation('Пермь'), 12, 1880, 15, 330)
    ,(33, 4, getStation('Казань'), 13, 3270, 1200, 850)
    ,(34, 4, getStation('Нижний Новгород'), 14, 3040, 180, 600)
    ,(35, 4, getStation('Владимир'), 15, 1900, 15, 240)
    ,(36, 4, getStation('Москва'), 16, 1500, 15, 180)

    -- Москва-Казань
    ,(37, 5, getStation('Москва'), 0, 0, 0, 0)
    ,(38, 5, getStation('Владимир'), 1, 1500, 10, 180)
    ,(39, 5, getStation('Нижний Новгород'), 2, 1900, 15, 240)
    ,(40, 5, getStation('Казань'), 3, 3100, 0, 600)

    -- Москва-Владивосток
    ,(41, 3, getStation('Москва'), 0, 0, 0, 0)
    ,(42, 3, getStation('Владимир'), 1, 1500, 15, 180)
    ,(43, 3, getStation('Нижний Новгород'), 2, 1900, 15, 240)
    ,(44, 3, getStation('Казань'), 3, 3040, 180, 600)
    ,(45, 3, getStation('Пермь'), 4, 3270, 1200, 850)
    ,(46, 3, getStation('Екатеринбург'), 5, 1880, 15, 330)
    ,(47, 3, getStation('Тюмень'), 6, 2420, 135, 450)
    ,(48, 3, getStation('Омск'), 7, 2550, 85, 480)
    ,(49, 3, getStation('Новосибирск'), 8, 2720, 45, 510)
    ,(50, 3, getStation('Кемерово'), 9, 1560, 600, 300)
    ,(51, 3, getStation('Красноярск'), 10, 3250, 70, 975)
    ,(52, 3, getStation('Канск'), 11, 1310, 65, 240)
    ,(53, 3, getStation('Иркутск'), 12, 3020, 5, 840)
    ,(54, 3, getStation('Чита'), 13, 3750, 900, 1080)
    ,(55, 3, getStation('Ерофей Павлович'), 14, 4140, 125, 1260)
    ,(56, 3, getStation('Хабаровск'), 15, 4520, 25, 1560)
    ,(57, 3, getStation('Владивосток'), 16, 2500, 85, 720)

    ;


delete from Tickets;
insert into Tickets (id, customer_id, status, user_name, user_doc_creds, trip_id, coach_ref, seat, cost, order_date, routeitem_start, routeitem_last) values
    -- Студент Пупкин едет из Гатчины в Лугу (электричка, билет без места == 0)
    (1, 1, 'Sold', 'Василий Пупкин', 'Паспорт 1234 444555 выдан 12.12.2012', 1, 2, 0, 300, '2015-10-01 13:27:17', 2, 5)

    -- Михаил Смирнов раньше путешествовал как Светлов (Москва-Ульяновск). (Не доехал, арестовали за дебош с поножовщиной в поезде, отсидел как Смирнов, вышел, потом поедет по справке из Иркутска в Казань к подельникам). Маршрут Москва-Саратов сейчас 'Archived'
    ,(2, 5, 'Sold', 'Михаил Светлов', 'Паспорт 6655 934124 выдан 16.04.2003', 9, 9, 18, 4700, '2013-09-20 17:42:34', 13, 17)
    ,(3, 5, 'Sold', 'Михаил Смирнов', 'Справка об освобождении N 78132 выдана 18.09.2015', 6, 13, 14, 12750, '2015-10-18 16:38:22', 24, 33)

    -- John Smith путешествует из Владивостока в Москву, на одном поезде с рецидивистом Смирновым(он же Светлов, он же 'Лысый'). Их встреча с распитием и последующей кражей принесет еще один срок неудачнику-бандиту, а также сильную головную боль его попутчику Женюхе Смиту по утрам в течение всей поездки.
    -- Билет куплен со второй попытки
    ,(4, 4, 'Cancelled', 'John Smith', 'Driver License XY 121212 issued by 11.06.2003', 6, 13, 9, 0, '2015-09-15 09:24:18', 20, 36)
    ,(5, 4, 'Sold', 'John Smith', 'Driver License XY 121212 issued by 11.06.2003', 6, 13, 13, 24500, '2015-09-15 10:12:14', 20, 36)
    ;
